student_id,name,gender,age,semester,science_marks,english_marks,math_marks,urdu_marks,computer_marks,attendance_percent
1,Iqra Javed,Male,20,6,98,70,70,82,65,62.63
2,Ahmad Khan,Female,20,7,43,83,70,61,64,93.55
3,Nida Hussain,Female,20,4,48,96,80,43,66,85.72
4,Sana Chaudhry,Female,20,6,30,30,47,65,69,83.95
5,Wajiha Javed,Male,17,2,77,95,88,69,87,95.17
6,Hira Arif,Female,17,6,40,96,30,99,64,60.22
7,Imran Hussain,Male,20,4,49,81,62,93,47,68.88
8,Khadija Nawaz,Female,20,6,89,97,79,82,30,71.98
9,Iqra Siddiqui,Female,22,1,49,98,59,92,67,62.87
10,Zara Ansari,Male,17,4,50,43,70,72,78,63.36
11,Bushra Malik,Male,22,3,40,48,91,80,59,71.57
12,Imran Butt,Female,17,8,33,38,96,84,48,84.68
13,Rabia Akram,Male,22,1,32,92,62,57,39,94.67
14,Iqra Chaudhry,Female,20,1,49,53,80,63,73,68.13
15,Lubna Chaudhry,Male,20,8,32,43,85,83,45,68.43
16,Hira Chaudhry,Male,21,5,54,82,50,38,34,69.65
17,Imran Saleem,Female,17,7,66,73,37,63,96,86.57
18,Yasir Malik,Male,22,6,84,48,46,37,64,89.68
19,Saba Ahmed,Male,17,2,49,34,54,55,56,80.05
20,Saba Siddiqui,Male,21,7,56,90,78,82,49,61.28
21,Imran Chaudhry,Female,17,4,32,67,65,41,42,99.55
22,Fatima Akram,Female,21,8,53,50,79,52,93,84.43
23,Sana Ansari,Male,21,1,34,47,100,93,71,89.75
24,Iqra Chaudhry,Female,20,8,45,42,80,44,82,62.64
25,Ali Qureshi,Female,18,7,79,44,68,46,66,85.44
26,Zara Khan,Male,22,5,100,38,75,84,79,62.11
27,Ayesha Hashmi,Male,20,4,60,49,30,34,55,87.17
28,Abdullah Butt,Male,17,5,87,62,57,100,33,88.34
29,Sana Siddiqui,Male,21,8,98,33,65,30,45,79.89
30,Wajiha Raza,Female,18,1,79,76,68,47,55,86.64
31,Tariq Ansari,Female,21,3,92,40,51,69,84,90.46
32,Iqra Khan,Male,22,5,96,85,96,77,91,68.38
33,Omar Butt,Male,21,4,66,95,33,88,37,75.92
34,Saad Akram,Male,18,5,66,58,71,77,66,96.02
35,Ahmad Mirza,Male,17,1,56,88,49,48,100,68.57
36,Noman Farooq,Female,22,7,95,42,94,34,98,86.63
37,Wajiha Sheikh,Female,17,7,84,68,62,39,98,92.26
38,Saad Nawaz,Male,18,8,74,70,35,68,57,93.65
39,Khadija Saleem,Male,19,4,78,95,31,73,77,93.31
40,Hamza Hashmi,Female,22,3,47,47,81,99,85,69.4
41,Ali Chaudhry,Male,18,8,78,54,50,49,41,70.89
42,Sadia Syed,Male,18,3,64,47,87,60,89,75.19
43,Imran Farooq,Male,19,7,94,41,92,40,32,70.93
44,Sadia Farooq,Male,19,4,43,83,70,89,50,69.91
45,Usman Nawaz,Male,21,1,36,49,70,35,50,82.06
46,Usman Malik,Male,18,5,42,30,72,44,73,90.38
47,Abdullah Mirza,Male,20,2,57,91,61,86,54,77.57
48,Bilal Mirza,Male,20,2,74,54,41,46,32,96.64
49,Ahmad Ansari,Male,20,4,36,31,58,75,58,65.28
50,Zara Syed,Female,21,8,76,80,74,96,99,64.72
51,Hira Khan,Female,21,1,49,38,71,90,46,89.06
52,Tariq Akram,Female,20,3,74,70,56,51,82,91.39
53,Hira Siddiqui,Male,21,6,62,89,64,70,38,77.52
54,Fatima Syed,Female,21,8,78,41,32,37,33,88.31
55,Saba Sheikh,Female,19,5,93,79,65,64,56,97.08
56,Usman Javed,Female,17,4,86,39,63,92,73,92.96
57,Bilal Malik,Female,18,8,34,59,70,73,94,64.35
58,Saad Chaudhry,Female,18,1,82,89,90,33,88,66.93
59,Zain Hussain,Female,19,1,96,45,80,78,84,87.42
60,Tariq Farooq,Female,20,6,54,62,89,46,32,79.01
61,Hafsa Qureshi,Female,20,6,63,92,48,72,33,98.82
62,Mariam Saleem,Male,21,7,61,74,41,32,53,66.24
63,Hira Hussain,Male,21,4,100,40,84,82,51,99.14
64,Tariq Sheikh,Female,19,2,77,66,92,56,100,71.03
65,Zara Siddiqui,Female,17,5,80,88,43,94,32,94.79
66,Wajiha Sheikh,Male,21,2,35,75,97,40,100,71.3
67,Khadija Hashmi,Male,21,1,35,96,70,55,48,85.47
68,Yasir Javed,Male,22,6,42,61,56,80,67,70.73
69,Ahmad Malik,Male,22,5,91,95,65,52,90,62.92
70,Noman Sheikh,Female,18,8,62,39,87,39,33,60.38
71,Noman Arif,Female,20,4,34,51,69,100,85,79.41
72,Fatima Ahmed,Male,19,6,81,81,77,64,50,98.08
73,Hamza Sheikh,Female,19,8,34,73,83,57,63,99.84
74,Tariq Chaudhry,Male,19,4,79,38,100,46,47,82.55
75,Bushra Siddiqui,Female,22,2,31,45,41,61,61,75.69
76,Ahmad Khan,Male,18,3,72,55,60,89,42,65.38
77,Khadija Chaudhry,Male,18,2,80,31,74,33,41,70.91
78,Rabia Ansari,Female,18,4,65,37,66,79,54,74.19
79,Ahmad Syed,Female,21,6,88,31,30,48,64,88.08
80,Bilal Akram,Female,20,1,99,44,37,63,40,66.03
81,Saba Sheikh,Male,19,7,63,54,94,78,57,60.73
82,Sadia Javed,Female,17,2,65,100,65,80,62,74.82
83,Ahmad Siddiqui,Male,22,6,98,92,76,69,37,86.83
84,Abdullah Hussain,Male,22,3,46,96,61,92,86,69.28
85,Sadia Arif,Female,17,8,60,72,68,75,40,99.26
86,Usman Javed,Male,17,7,56,46,45,81,56,90.41
87,Iqra Siddiqui,Female,22,1,38,94,37,98,81,66.63
88,Hafsa Hashmi,Male,19,7,92,89,37,66,79,62.75
89,Rabia Saleem,Male,18,3,97,92,53,66,65,82.85
90,Nida Saleem,Female,20,3,85,85,81,52,84,99.54
91,Lubna Javed,Female,17,7,81,95,48,69,75,81.51
92,Saad Chaudhry,Female,20,6,50,43,55,57,72,66.93
93,Sana Javed,Male,17,8,48,71,79,48,59,64.56
94,Abdullah Akram,Female,20,6,93,61,60,48,48,71.57
95,Bushra Sheikh,Male,17,6,70,41,46,91,67,73.89
96,Fatima Saleem,Male,17,5,91,88,98,69,63,65.19
97,Noman Javed,Female,18,3,83,39,54,85,70,93.01
98,Tariq Malik,Female,20,4,51,66,100,61,96,98.4
99,Zara Raza,Male,17,4,74,48,46,77,79,64.56
100,Omar Syed,Male,20,7,76,31,56,51,48,70.75
101,Mariam Khan,Male,22,1,67,52,86,67,53,73.87
102,Saad Farooq,Female,18,1,53,44,46,70,92,80.7
103,Sadia Arif,Female,18,6,82,71,37,35,45,95.73
104,Wajiha Mirza,Male,20,4,55,77,75,89,56,88.78
105,Hamza Raza,Female,17,7,88,98,82,59,48,70.21
106,Omar Chaudhry,Female,21,4,58,97,31,47,67,71.17
107,Zara Mirza,Male,17,4,90,92,69,36,38,89.76
108,Hira Akram,Female,18,3,86,64,37,86,52,79.2
109,Fatima Qureshi,Male,21,5,49,34,63,47,47,89.36
110,Hira Qureshi,Female,21,4,70,88,65,37,42,86.65
111,Tariq Saleem,Female,21,4,95,93,81,76,68,95.32
112,Abdullah Mirza,Female,19,1,50,96,59,89,40,95.68
113,Wajiha Syed,Male,21,5,45,94,94,99,38,67.19
114,Hafsa Syed,Female,22,4,60,75,66,44,59,81.74
115,Ahmad Nawaz,Male,19,7,47,51,92,95,34,61.04
116,Ahmad Syed,Female,20,3,47,44,71,45,65,68.94
117,Abdullah Nawaz,Male,22,7,45,34,48,70,50,75.39
118,Tariq Akram,Female,17,7,43,83,42,57,53,77.57
119,Abdullah Butt,Male,17,3,45,86,66,87,85,62.64
120,Ali Raza,Male,21,8,54,63,33,57,44,80.49
121,Iqra Chaudhry,Male,19,7,58,42,89,59,34,60.04
122,Iqra Raza,Male,18,1,71,93,91,89,40,93.4
123,Iqra Hussain,Male,21,6,81,35,53,57,33,69.75
124,Ayesha Arif,Female,19,6,86,49,34,47,69,96.78
125,Zara Arif,Female,22,6,69,70,98,59,33,83.46
126,Tariq Hashmi,Female,18,8,84,34,57,74,51,64.5
127,Tariq Saleem,Male,17,7,45,68,99,76,49,93.79
128,Mariam Akram,Male,22,5,60,97,53,84,35,97.05
129,Sadia Ahmed,Female,20,2,34,100,56,77,79,74.02
130,Tariq Butt,Female,17,4,83,39,94,78,55,89.43
131,Omar Malik,Male,21,5,91,52,96,65,38,84.19
132,Ayesha Siddiqui,Male,17,7,63,46,100,35,41,91.24
133,Mariam Butt,Female,19,8,84,98,48,47,81,99.23
134,Zara Butt,Male,22,6,78,68,77,99,51,78.51
135,Khadija Qureshi,Male,20,5,65,61,51,38,74,76.58
136,Fahad Ansari,Female,19,5,53,67,78,71,84,78.05
137,Mariam Raza,Male,17,3,79,90,57,39,60,85.13
138,Iqra Saleem,Female,22,2,64,78,39,90,39,66.55
139,Fatima Malik,Male,17,3,64,45,37,73,46,84.49
140,Fatima Hashmi,Male,18,7,45,52,41,78,77,62.36
141,Saba Siddiqui,Male,17,6,85,83,70,50,42,95.91
142,Ayesha Javed,Male,19,3,61,60,62,90,52,90.87
143,Zain Raza,Male,21,5,73,62,52,71,81,78.85
144,Sadia Akram,Male,19,8,45,60,49,89,46,86.51
145,Sana Malik,Male,19,7,32,62,99,75,93,97.27
146,Lubna Akram,Female,20,6,59,59,48,85,41,86.42
147,Bilal Syed,Female,19,3,73,93,95,85,63,90.99
148,Bushra Raza,Male,17,4,83,49,76,74,45,99.32
149,Abdullah Javed,Male,20,4,80,41,88,74,38,88.7
150,Imran Qureshi,Female,22,1,32,94,36,50,71,96.97
151,Fahad Nawaz,Female,18,7,58,90,50,53,83,60.74
152,Ayesha Javed,Female,17,7,30,46,52,71,90,86.83
153,Imran Arif,Male,17,2,56,32,54,85,90,64.79
154,Omar Raza,Male,21,4,98,58,82,47,57,92.52
155,Abdullah Mirza,Male,21,5,56,47,51,60,35,74.95
156,Ali Syed,Female,20,1,83,35,54,95,68,97.53
157,Wajiha Ahmed,Male,21,7,76,31,88,57,62,93.19
158,Wajiha Butt,Female,21,1,92,48,82,62,31,69.08
159,Hira Raza,Female,18,6,97,86,48,56,74,92.53
160,Tariq Farooq,Male,20,8,98,93,40,64,68,88.43
161,Zain Saleem,Female,18,1,89,40,34,97,61,82.52
162,Fahad Javed,Female,17,3,82,95,57,99,89,76.67
163,Mariam Butt,Female,20,8,86,42,71,36,87,96.26
164,Nida Ansari,Male,18,4,63,64,87,39,78,83.99
165,Imran Hussain,Female,20,1,78,96,69,78,62,85.11
166,Khadija Chaudhry,Female,17,5,94,82,83,86,49,65.56
167,Saba Syed,Male,22,5,60,49,55,93,97,77.47
168,Hafsa Syed,Male,20,5,48,33,38,56,94,62.0
169,Hafsa Farooq,Male,22,7,52,50,58,56,74,84.68
170,Hafsa Farooq,Female,20,6,51,76,58,32,97,75.96
171,Imran Malik,Female,20,5,33,58,33,42,65,74.18
172,Sana Nawaz,Female,20,5,36,50,33,52,55,61.97
173,Hafsa Syed,Male,22,8,40,65,61,92,81,98.36
174,Usman Ansari,Female,18,5,85,39,32,62,51,88.05
175,Imran Farooq,Male,19,2,70,73,98,44,95,94.25
176,Omar Malik,Male,22,3,99,53,44,42,30,98.36
177,Iqra Hashmi,Male,19,1,97,92,99,100,38,82.13
178,Lubna Khan,Female,19,5,66,72,55,38,82,70.49
179,Usman Butt,Male,22,1,57,60,50,70,41,99.69
180,Bushra Farooq,Male,19,7,43,95,47,84,32,95.99
181,Wajiha Raza,Male,22,6,87,40,66,32,70,68.04
182,Khadija Raza,Female,21,5,60,84,90,49,80,92.95
183,Bilal Mirza,Female,21,1,33,64,50,56,62,94.42
184,Fahad Sheikh,Female,21,8,35,64,79,78,60,73.19
185,Imran Syed,Female,20,7,62,90,32,71,39,74.24
186,Ali Qureshi,Female,17,8,68,94,30,79,43,67.22
187,Hira Butt,Female,18,3,34,37,56,54,31,86.45
188,Iqra Javed,Female,17,6,64,63,58,51,100,93.24
189,Yasir Khan,Male,19,5,77,59,41,60,73,82.1
190,Ayesha Chaudhry,Male,20,7,46,84,66,54,97,91.11
191,Hafsa Ansari,Male,22,8,41,60,80,81,71,96.87
192,Tariq Sheikh,Male,17,6,95,72,39,43,93,98.63
193,Sana Siddiqui,Male,18,6,31,75,89,50,47,67.65
194,Tariq Syed,Female,20,7,31,34,100,88,47,91.14
195,Sana Akram,Male,17,1,58,86,87,47,90,96.06
196,Ayesha Siddiqui,Male,19,4,63,71,71,93,79,79.26
197,Saad Akram,Female,20,4,47,52,62,93,45,70.6
198,Hira Raza,Female,19,7,78,49,94,94,82,86.9
199,Sadia Syed,Male,22,2,53,47,85,44,84,97.84
200,Fahad Malik,Male,17,5,79,31,65,36,46,77.84
201,Khadija Malik,Female,20,3,79,46,95,76,50,72.82
202,Fatima Hussain,Female,20,1,76,66,34,50,81,95.56
203,Ali Ansari,Female,22,4,80,71,92,46,44,60.06
204,Bushra Butt,Male,17,2,93,51,55,64,75,95.48
205,Rabia Nawaz,Female,17,4,86,44,81,98,84,86.02
206,Nida Farooq,Female,20,1,87,81,62,41,51,79.01
207,Khadija Siddiqui,Female,20,4,85,49,54,91,85,72.17
208,Fatima Ahmed,Female,21,3,69,79,52,33,76,98.79
209,Bilal Ansari,Female,17,7,48,45,46,41,81,78.67
210,Hafsa Chaudhry,Male,18,4,46,37,69,92,54,87.8
211,Mariam Javed,Male,20,7,64,93,58,37,53,65.89
212,Yasir Javed,Female,22,1,54,80,37,60,45,68.43
213,Zara Syed,Female,18,3,61,80,50,57,72,78.29
214,Ahmad Siddiqui,Male,19,2,53,45,48,49,47,61.42
215,Khadija Butt,Male,21,2,53,66,40,87,37,96.84
216,Iqra Javed,Female,17,6,83,60,96,64,63,95.28
217,Iqra Butt,Male,17,1,72,58,86,96,49,68.38
218,Hafsa Sheikh,Female,19,3,60,92,98,100,73,74.77
219,Ahmad Hussain,Female,20,5,58,75,98,65,96,68.73
220,Fahad Arif,Male,19,1,40,95,72,94,38,83.69
221,Saad Khan,Female,17,5,49,63,69,47,45,87.08
222,Zara Sheikh,Male,22,3,87,61,35,33,99,88.67
223,Hamza Javed,Male,17,3,68,71,94,69,36,95.15
224,Rabia Sheikh,Male,22,4,49,75,60,61,75,96.61
225,Omar Hashmi,Male,19,8,92,98,43,55,72,80.26
226,Saad Saleem,Male,22,5,59,36,67,85,64,76.22
227,Fahad Akram,Female,20,6,54,56,46,62,89,97.51
228,Ali Akram,Male,19,8,66,61,66,31,37,89.48
229,Zara Farooq,Male,21,4,68,57,88,81,65,84.21
230,Saad Syed,Female,20,8,57,53,41,35,74,86.38
231,Fahad Ahmed,Female,22,1,56,38,83,68,92,88.41
232,Tariq Chaudhry,Female,18,2,76,63,38,100,87,88.2
233,Saad Syed,Male,19,1,38,94,100,72,74,79.76
234,Omar Akram,Female,20,7,83,34,36,97,98,72.9
235,Usman Nawaz,Male,17,2,39,76,90,86,89,78.75
236,Fatima Akram,Male,18,6,88,80,58,95,83,91.42
237,Ahmad Akram,Female,17,5,72,60,100,35,70,95.64
238,Sana Nawaz,Male,19,5,77,72,78,71,62,65.15
239,Ali Ahmed,Male,20,8,69,67,31,80,50,63.19
240,Zain Mirza,Male,18,8,87,100,91,33,95,86.76
241,Iqra Hashmi,Male,19,8,56,43,31,32,78,71.27
242,Hira Raza,Male,22,5,67,34,92,62,56,72.24
243,Tariq Nawaz,Male,18,8,31,85,44,36,99,62.17
244,Rabia Javed,Male,17,1,97,40,47,50,77,95.26
245,Fatima Javed,Male,17,1,99,95,71,56,66,88.71
246,Iqra Farooq,Female,19,1,54,31,80,69,73,90.54
247,Ali Hashmi,Female,18,8,95,92,82,89,98,75.2
248,Ayesha Arif,Female,22,3,57,47,34,30,80,62.51
249,Iqra Qureshi,Female,17,4,50,46,99,39,100,68.33
250,Sana Saleem,Female,17,5,42,61,99,82,74,79.28
251,Bilal Raza,Male,21,3,56,80,98,49,98,68.08
252,Saad Ahmed,Male,18,1,63,73,40,95,76,90.23
253,Nida Nawaz,Female,21,2,68,65,35,52,48,76.3
254,Bushra Mirza,Female,18,2,36,48,51,59,31,82.73
255,Hafsa Hashmi,Male,22,2,30,66,67,48,78,74.88
256,Sadia Javed,Female,20,3,35,68,55,31,83,91.48
257,Hafsa Farooq,Female,22,7,65,78,100,83,66,87.11
258,Sana Chaudhry,Male,19,4,30,34,57,43,79,88.2
259,Wajiha Chaudhry,Female,21,7,63,83,79,94,30,71.99
260,Fahad Butt,Male,17,2,70,57,48,47,67,98.4
261,Mariam Hussain,Female,20,4,51,74,79,41,83,94.66
262,Bushra Siddiqui,Male,21,8,60,97,91,71,50,84.73
263,Bushra Raza,Male,17,7,89,92,89,42,43,92.8
264,Ali Siddiqui,Female,21,5,56,84,35,32,93,97.25
265,Omar Siddiqui,Female,19,6,59,34,71,70,74,69.1
266,Bushra Arif,Female,21,6,97,46,83,34,92,67.35
267,Ahmad Akram,Male,19,5,86,43,48,46,96,82.81
268,Sana Ansari,Female,22,5,44,95,30,58,49,98.08
269,Zain Malik,Female,18,6,47,55,52,35,65,78.37
270,Abdullah Ansari,Male,20,5,58,39,42,42,57,67.8
271,Hamza Khan,Male,17,4,64,68,53,79,44,83.9
272,Imran Ahmed,Male,17,5,65,49,91,45,78,69.86
273,Saba Ahmed,Female,21,8,98,39,54,48,64,98.21
274,Zara Ahmed,Female,17,7,82,69,100,78,62,60.99
275,Zain Raza,Male,20,4,78,45,34,30,34,70.05
276,Hamza Chaudhry,Male,20,8,99,92,63,90,33,77.56
277,Zara Chaudhry,Male,18,1,82,34,78,66,97,84.15
278,Hira Farooq,Female,19,8,30,43,89,61,80,87.28
279,Abdullah Khan,Female,21,4,35,76,61,81,30,98.67
280,Mariam Arif,Male,18,7,69,75,40,46,77,67.12
281,Sadia Akram,Male,17,6,69,73,68,78,43,86.6
282,Omar Qureshi,Female,17,7,69,48,71,48,33,95.54
283,Rabia Qureshi,Male,18,5,53,84,35,97,68,61.22
284,Fatima Malik,Male,20,4,99,47,87,39,39,99.77
285,Saba Hashmi,Female,17,4,55,94,30,96,59,84.07
286,Zara Hussain,Female,18,1,67,51,66,59,97,94.4
287,Khadija Hussain,Male,22,2,75,61,53,68,68,89.17
288,Hafsa Malik,Male,18,7,95,70,99,75,60,77.95
289,Ayesha Saleem,Female,18,3,78,66,86,99,90,79.46
290,Noman Khan,Male,19,7,80,84,70,47,68,93.33
291,Imran Butt,Male,18,8,61,40,43,41,92,76.15
292,Abdullah Saleem,Male,19,1,92,58,94,30,84,87.78
293,Saad Hashmi,Male,22,6,76,62,59,64,87,68.2
294,Hira Siddiqui,Female,18,5,47,88,73,82,30,89.12
295,Bilal Malik,Male,19,3,49,69,67,94,55,89.6
296,Ali Malik,Female,19,6,93,62,49,76,73,77.06
297,Saad Qureshi,Male,18,4,90,75,43,89,62,63.06
298,Abdullah Sheikh,Female,18,8,100,60,95,83,61,77.89
299,Khadija Butt,Female,18,8,59,84,42,65,60,98.67
300,Ahmad Chaudhry,Female,20,2,96,34,83,92,46,61.01
301,Rabia Javed,Male,22,1,36,54,94,54,41,87.29
302,Imran Ansari,Male,20,6,82,46,42,63,46,71.53
303,Imran Raza,Female,19,5,48,50,45,77,84,80.14
304,Wajiha Hashmi,Male,21,5,55,66,45,86,78,94.14
305,Usman Javed,Female,17,4,88,49,99,97,60,75.73
306,Iqra Khan,Male,18,1,51,93,48,35,83,83.71
307,Mariam Saleem,Male,19,5,94,42,50,49,41,97.56
308,Lubna Farooq,Female,18,8,91,49,71,96,79,68.27
309,Fatima Arif,Male,21,8,69,37,67,47,45,94.17
310,Hafsa Syed,Female,22,3,90,43,88,49,72,61.1
311,Ayesha Khan,Female,18,6,50,46,93,31,89,77.29
312,Hira Saleem,Male,21,7,65,76,61,77,87,70.51
313,Noman Farooq,Male,18,7,53,77,66,65,35,82.75
314,Fatima Nawaz,Female,17,7,92,50,92,50,41,99.84
315,Bushra Farooq,Female,18,1,56,97,99,52,52,91.59
316,Omar Hashmi,Male,18,1,99,38,46,46,56,73.24
317,Lubna Ahmed,Female,18,7,42,57,75,66,68,86.36
318,Imran Akram,Female,19,7,72,70,35,77,37,62.8
319,Tariq Khan,Female,21,4,82,30,88,89,60,64.6
320,Saba Syed,Male,18,6,34,60,81,100,32,70.31
321,Fahad Khan,Female,19,3,82,53,93,67,96,71.18
322,Zara Ahmed,Male,20,4,77,33,78,63,99,98.65
323,Bushra Siddiqui,Male,17,7,59,62,36,49,68,85.99
324,Saba Ansari,Female,19,2,37,79,71,95,49,64.3
325,Saad Nawaz,Female,18,1,100,90,53,79,45,82.12
326,Khadija Nawaz,Female,21,4,33,31,43,85,66,93.52
327,Noman Saleem,Male,22,4,40,67,86,100,58,82.9
328,Hamza Malik,Male,20,3,96,96,95,33,72,89.8
329,Saad Saleem,Male,20,2,46,71,99,75,88,77.36
330,Zain Hussain,Male,18,5,89,74,95,55,100,74.52
331,Noman Khan,Male,22,5,65,95,64,32,32,97.21
332,Abdullah Hussain,Female,20,3,63,81,99,58,64,87.23
333,Wajiha Raza,Female,19,1,76,93,69,83,34,84.14
334,Sadia Raza,Male,18,8,87,34,85,95,99,80.44
335,Ahmad Sheikh,Female,20,7,33,97,56,63,97,98.32
336,Khadija Mirza,Female,21,7,61,51,67,34,30,71.16
337,Fahad Hussain,Male,17,3,60,38,47,69,94,75.45
338,Khadija Arif,Female,22,5,39,48,61,44,52,71.12
339,Usman Hashmi,Male,20,5,63,48,99,40,94,96.32
340,Bilal Farooq,Female,19,3,73,81,43,52,31,61.16
341,Bushra Mirza,Male,21,1,74,81,46,99,68,89.35
342,Usman Javed,Male,20,6,78,49,41,90,63,79.79
343,Mariam Akram,Female,17,4,72,100,35,63,88,88.81
344,Lubna Akram,Male,19,2,69,92,61,85,71,75.84
345,Zara Akram,Female,18,4,91,46,99,48,92,80.25
346,Ayesha Hussain,Female,22,6,93,33,78,52,31,98.39
347,Wajiha Mirza,Female,20,1,55,100,31,50,41,92.12
348,Hamza Farooq,Female,19,1,92,80,76,97,93,92.79
349,Fahad Akram,Male,20,2,55,40,87,97,39,91.53
350,Abdullah Siddiqui,Female,17,4,64,69,48,71,59,88.18
351,Sana Akram,Male,20,8,91,50,34,44,31,73.77
352,Noman Farooq,Male,19,7,37,84,95,56,84,66.98
353,Saad Malik,Female,20,7,47,65,40,50,66,87.46
354,Zain Qureshi,Female,22,8,31,89,36,52,32,86.28
355,Fahad Farooq,Female,18,2,59,36,55,77,69,65.66
356,Ayesha Saleem,Female,17,2,43,87,86,32,92,85.54
357,Omar Arif,Female,17,4,90,63,76,33,91,86.29
358,Wajiha Syed,Female,21,8,70,31,92,87,84,74.08
359,Saba Akram,Male,18,7,71,67,51,90,91,91.22
360,Ahmad Butt,Female,18,4,55,54,84,41,69,79.94
361,Bushra Farooq,Male,21,8,40,32,85,53,35,70.55
362,Usman Khan,Male,17,8,87,44,33,78,99,77.53
363,Ayesha Chaudhry,Male,20,6,59,73,63,36,38,63.42
364,Khadija Syed,Female,19,6,65,94,99,51,96,67.62
365,Hamza Qureshi,Female,19,8,47,45,49,32,60,86.76
366,Hira Qureshi,Female,19,5,98,81,42,90,45,83.14
367,Ali Raza,Male,19,3,87,61,57,95,43,92.09
368,Yasir Siddiqui,Male,21,5,55,56,67,69,78,94.48
369,Ahmad Khan,Female,18,3,47,38,36,73,99,85.73
370,Sana Malik,Female,18,1,93,88,52,64,93,95.62
371,Tariq Butt,Male,20,7,97,68,96,65,91,90.22
372,Khadija Malik,Male,18,1,54,35,65,83,36,94.26
373,Abdullah Arif,Female,20,2,50,57,90,74,40,70.0
374,Saba Saleem,Male,18,8,99,36,98,82,88,87.31
375,Sana Syed,Female,17,6,87,62,66,51,91,97.34
376,Omar Sheikh,Male,17,4,66,95,71,97,61,86.5
377,Fahad Malik,Male,21,2,37,91,33,85,59,68.61
378,Noman Sheikh,Male,22,3,65,57,64,50,37,72.0
379,Saad Akram,Male,19,8,99,59,65,40,96,73.84
380,Fahad Akram,Female,18,1,74,46,72,76,57,91.21
381,Zain Javed,Male,18,4,72,50,77,41,92,89.25
382,Fatima Arif,Male,21,2,44,63,49,98,35,89.79
383,Tariq Raza,Male,19,3,33,39,40,98,77,86.41
384,Hamza Arif,Female,21,6,75,35,75,78,67,82.19
385,Iqra Ahmed,Male,22,8,57,54,83,38,95,91.37
386,Saba Ansari,Female,19,6,68,31,54,74,55,88.43
387,Abdullah Farooq,Male,22,4,90,82,87,94,61,70.64
388,Hamza Hussain,Male,18,1,76,36,84,38,56,89.43
389,Sadia Chaudhry,Female,20,4,87,38,57,95,85,71.65
390,Zara Butt,Female,19,8,76,43,69,49,97,88.93
391,Saba Nawaz,Male,20,6,79,79,76,92,83,69.08
392,Hafsa Mirza,Male,18,6,87,71,66,68,60,95.82
393,Sana Saleem,Female,17,6,61,48,56,32,89,77.17
394,Saba Hussain,Female,17,6,87,99,95,45,66,92.25
395,Sadia Ansari,Female,22,6,82,38,36,100,78,63.86
396,Hamza Hussain,Female,22,8,95,45,88,76,68,70.38
397,Bilal Chaudhry,Male,22,5,76,30,98,75,49,72.25
398,Bilal Nawaz,Female,20,5,45,59,42,84,32,70.16
399,Sadia Mirza,Female,21,6,80,41,71,67,69,73.74
400,Rabia Akram,Female,22,4,37,38,90,34,71,60.15
401,Abdullah Malik,Female,21,6,81,63,96,77,30,94.99
402,Bushra Arif,Male,20,2,77,67,80,95,75,87.84
403,Bilal Nawaz,Female,18,8,68,41,73,60,77,94.8
404,Fatima Malik,Female,18,6,70,97,92,50,64,81.81
405,Khadija Arif,Male,18,3,36,65,44,60,37,93.29
406,Zain Sheikh,Female,18,4,94,86,79,84,75,86.49
407,Noman Sheikh,Male,22,3,38,84,100,45,74,79.19
408,Saba Syed,Female,21,1,93,85,49,35,37,87.63
409,Bilal Javed,Male,20,6,87,47,49,85,48,81.84
410,Rabia Nawaz,Female,20,7,74,42,88,91,98,72.21
411,Hafsa Raza,Male,17,4,96,76,36,86,47,82.08
412,Hamza Hashmi,Female,17,7,68,77,45,34,83,67.11
413,Sana Raza,Male,19,5,53,63,53,48,65,86.63
414,Bilal Butt,Female,18,8,71,88,77,59,42,67.99
415,Abdullah Ansari,Male,19,8,53,74,42,54,33,97.79
416,Saba Ahmed,Female,18,5,31,31,76,79,93,88.14
417,Hamza Butt,Male,19,2,76,34,84,33,38,91.7
418,Tariq Sheikh,Male,19,3,57,31,72,35,97,97.77
419,Ahmad Arif,Male,21,7,99,84,50,92,61,82.96
420,Lubna Malik,Male,19,5,40,81,53,97,70,96.31
421,Zain Farooq,Male,17,7,70,43,69,44,63,86.07
422,Bilal Akram,Female,21,5,54,94,32,37,31,71.7
423,Sana Chaudhry,Male,17,3,64,85,36,84,55,90.25
424,Tariq Saleem,Female,21,8,65,64,51,43,38,82.42
425,Hafsa Hussain,Male,20,2,52,92,44,55,87,89.23
426,Sana Mirza,Female,19,4,78,54,80,75,34,65.45
427,Hira Ahmed,Female,21,6,47,81,65,82,89,82.78
428,Hira Saleem,Female,18,3,51,46,45,42,65,71.69
429,Hamza Javed,Male,17,3,83,43,45,47,59,72.71
430,Usman Saleem,Male,19,7,64,31,42,39,40,73.51
431,Sana Siddiqui,Male,18,4,72,47,46,58,40,75.31
432,Mariam Malik,Male,18,7,74,56,85,49,69,89.84
433,Yasir Chaudhry,Female,21,4,70,31,40,47,67,68.78
434,Hamza Akram,Female,19,6,91,73,71,42,40,96.7
435,Lubna Nawaz,Female,17,4,47,94,80,63,45,99.97
436,Hamza Mirza,Male,22,7,71,67,57,47,33,84.69
437,Sana Arif,Female,18,4,100,70,43,49,73,62.93
438,Usman Siddiqui,Male,18,1,96,91,71,70,83,79.77
439,Ahmad Arif,Female,21,2,46,30,86,59,86,80.1
440,Wajiha Arif,Male,22,4,91,31,100,90,87,61.79
441,Hafsa Hashmi,Female,22,5,63,51,100,59,56,63.03
442,Usman Akram,Female,18,2,97,68,52,72,36,84.57
443,Ahmad Mirza,Female,22,7,98,96,43,94,67,95.59
444,Iqra Siddiqui,Female,17,6,92,62,41,84,72,90.24
445,Ayesha Syed,Male,19,4,90,58,86,72,45,86.81
446,Fahad Hussain,Male,20,7,43,79,93,66,79,97.37
447,Hira Chaudhry,Female,19,8,98,59,41,94,96,97.58
448,Rabia Ahmed,Female,22,3,68,32,82,52,94,84.34
449,Bushra Mirza,Female,20,2,86,100,58,99,55,61.24
450,Rabia Arif,Male,20,7,50,49,44,99,59,66.48
451,Fatima Javed,Female,17,2,55,46,50,34,79,74.77
452,Fatima Malik,Female,21,1,77,64,60,51,98,73.52
453,Hafsa Hussain,Female,17,3,76,62,34,58,78,68.48
454,Ayesha Saleem,Male,20,7,64,71,44,38,42,82.95
455,Abdullah Khan,Female,19,6,81,57,82,86,71,80.06
456,Sadia Farooq,Female,18,6,33,90,32,43,58,63.83
457,Yasir Khan,Male,22,7,56,64,83,53,43,68.46
458,Sana Akram,Female,17,6,55,90,90,96,38,78.25
459,Bilal Hussain,Female,22,6,88,71,83,30,33,65.2
460,Fahad Saleem,Female,18,3,86,35,48,94,66,75.48
461,Abdullah Qureshi,Female,18,5,35,92,100,95,41,85.15
462,Yasir Hussain,Male,21,2,100,90,65,62,68,71.75
463,Ahmad Syed,Male,19,5,49,91,96,54,67,98.03
464,Bushra Saleem,Male,18,5,89,77,79,46,65,90.32
465,Ahmad Mirza,Female,19,2,43,89,56,33,78,87.65
466,Ahmad Chaudhry,Female,19,3,37,54,39,80,77,60.76
467,Saad Raza,Male,20,3,89,58,42,82,89,94.8
468,Bilal Javed,Female,20,4,58,42,97,38,76,91.1
469,Saba Butt,Female,20,2,99,63,88,61,84,85.25
470,Saad Farooq,Female,19,7,89,43,76,99,55,86.16
471,Zain Siddiqui,Male,19,4,62,57,55,76,56,78.48
472,Omar Saleem,Female,20,7,36,45,97,72,65,94.68
473,Saba Mirza,Female,20,1,36,54,34,96,100,79.49
474,Lubna Mirza,Female,19,3,58,95,84,34,33,92.53
475,Ayesha Nawaz,Female,19,5,43,54,78,78,96,68.51
476,Noman Butt,Male,19,8,61,35,94,49,77,65.15
477,Zara Arif,Female,21,5,86,76,66,38,85,71.11
478,Saad Nawaz,Male,17,8,30,92,42,30,32,75.25
479,Sana Saleem,Male,18,6,47,65,76,52,91,64.66
480,Sadia Farooq,Male,19,3,83,58,72,70,96,83.16
481,Sana Khan,Female,22,5,56,75,56,54,36,81.88
482,Sana Farooq,Male,21,5,61,58,66,52,98,89.7
483,Fatima Sheikh,Female,22,8,35,37,31,100,34,63.11
484,Sadia Farooq,Male,21,2,31,55,96,31,80,88.03
485,Hamza Qureshi,Male,18,5,88,65,82,61,58,83.13
486,Mariam Chaudhry,Female,20,2,100,40,52,47,77,92.03
487,Fatima Saleem,Male,22,1,90,35,79,65,93,70.68
488,Lubna Malik,Female,18,7,37,97,66,82,91,76.6
489,Iqra Siddiqui,Male,21,5,91,73,40,86,82,96.87
490,Iqra Butt,Female,19,7,94,73,69,59,100,68.54
491,Yasir Saleem,Female,22,1,51,36,55,30,82,64.71
492,Bushra Akram,Male,20,5,32,54,63,68,100,84.83
493,Sadia Siddiqui,Male,17,1,44,76,63,30,50,76.09
494,Imran Qureshi,Male,22,2,34,91,53,32,99,61.85
495,Saba Butt,Male,19,5,85,36,81,45,74,61.42
496,Saba Nawaz,Male,22,1,79,75,80,90,42,74.12
497,Omar Hashmi,Female,18,4,57,90,94,33,93,62.77
498,Hamza Malik,Male,17,3,99,87,38,42,52,68.32
499,Sana Ansari,Female,21,6,35,60,74,75,75,66.24
500,Hamza Akram,Female,17,6,97,30,58,68,82,65.54
501,Ali Hashmi,Female,19,5,43,33,86,98,67,76.36
502,Lubna Siddiqui,Female,21,6,94,67,37,70,96,72.83
503,Hafsa Siddiqui,Female,20,2,44,94,48,67,55,91.38
504,Ahmad Butt,Male,19,4,75,64,93,82,83,74.29
505,Yasir Raza,Male,20,7,96,36,76,73,86,92.96
506,Zara Ansari,Male,17,1,99,52,65,61,93,71.39
507,Bushra Syed,Female,21,6,80,38,72,77,53,96.59
508,Hira Akram,Male,18,4,100,93,76,59,86,60.54
509,Ayesha Khan,Male,22,2,68,94,36,84,57,73.75
510,Rabia Nawaz,Female,19,3,68,42,62,54,81,73.31
511,Nida Akram,Female,22,8,100,61,86,32,58,88.94
512,Zain Chaudhry,Male,21,8,44,74,92,56,93,72.46
513,Zain Hussain,Male,19,3,32,72,92,50,93,80.59
514,Ayesha Arif,Male,19,6,31,82,73,96,75,82.35
515,Mariam Mirza,Female,21,4,62,40,99,52,51,93.45
516,Ali Mirza,Female,17,2,83,48,47,76,91,64.13
517,Lubna Farooq,Female,21,5,99,63,57,93,86,76.46
518,Hamza Butt,Male,22,1,91,85,93,42,87,69.52
519,Zara Qureshi,Female,21,8,83,95,80,44,68,93.84
520,Hafsa Khan,Male,18,1,75,84,97,84,39,68.58
521,Hira Raza,Male,17,2,36,67,77,95,43,82.85
522,Fatima Syed,Male,18,2,73,60,72,93,54,72.01
523,Wajiha Mirza,Male,19,4,34,74,38,80,37,82.09
524,Fatima Khan,Female,19,3,66,61,84,83,31,85.17
525,Mariam Arif,Female,17,8,87,87,92,35,95,91.34
526,Saad Akram,Female,22,2,48,86,88,81,72,74.35
527,Hafsa Ahmed,Male,22,3,42,86,89,95,63,67.75
528,Bushra Saleem,Male,20,5,65,63,47,93,84,68.2
529,Abdullah Raza,Male,18,2,72,63,77,74,33,63.6
530,Nida Chaudhry,Male,22,1,96,67,31,59,91,98.38
531,Imran Mirza,Female,17,1,85,41,91,68,83,66.62
532,Nida Butt,Male,22,1,87,91,66,100,55,75.74
533,Rabia Nawaz,Male,22,2,47,95,63,96,78,96.16
534,Fatima Sheikh,Female,19,3,65,58,67,68,94,60.84
535,Ali Sheikh,Female,19,3,85,79,96,88,64,88.38
536,Sadia Javed,Male,19,1,69,59,49,42,51,62.44
537,Tariq Raza,Male,22,6,98,44,58,32,54,73.62
538,Fatima Chaudhry,Male,18,6,47,70,63,59,99,75.72
539,Hira Ahmed,Female,20,6,63,42,71,62,89,94.78
540,Hamza Saleem,Male,21,5,60,46,96,53,67,67.73
541,Abdullah Chaudhry,Female,17,1,84,80,42,98,68,93.15
542,Lubna Ahmed,Female,20,7,64,48,53,78,91,81.59
543,Hira Akram,Female,22,6,55,87,92,51,52,89.44
544,Ahmad Javed,Male,18,5,63,81,99,62,36,60.24
545,Hira Ansari,Female,22,4,34,86,66,62,65,72.82
546,Zara Chaudhry,Female,19,5,49,62,44,82,100,71.98
547,Rabia Ahmed,Female,18,8,42,61,84,42,30,63.53
548,Zara Farooq,Male,18,8,94,94,70,67,93,87.38
549,Rabia Chaudhry,Male,21,5,67,35,98,96,78,67.91
550,Khadija Butt,Male,19,7,92,98,87,52,58,64.95
551,Omar Siddiqui,Male,20,7,63,43,54,64,43,99.17
552,Hira Khan,Female,18,4,72,50,85,34,40,79.59
553,Hira Sheikh,Male,20,4,58,99,85,47,83,78.34
554,Bilal Farooq,Male,19,5,100,52,85,66,71,96.1
555,Hafsa Syed,Male,17,2,42,74,80,39,62,61.81
556,Saba Siddiqui,Female,17,5,44,58,94,80,38,89.25
557,Yasir Farooq,Male,19,1,96,64,92,86,41,94.92
558,Zain Hussain,Male,19,5,51,69,40,88,70,90.22
559,Khadija Ansari,Male,22,1,81,99,56,36,50,92.85
560,Fatima Syed,Male,21,5,56,55,31,34,36,79.19
561,Noman Syed,Female,19,6,86,64,87,57,32,70.25
562,Nida Mirza,Male,18,8,50,30,39,67,86,77.79
563,Ayesha Akram,Female,20,2,93,39,38,70,45,92.12
564,Saba Ansari,Male,17,3,51,36,55,35,68,83.75
565,Hafsa Sheikh,Female,19,4,38,82,48,93,38,60.02
566,Bushra Chaudhry,Female,19,6,42,94,67,98,42,88.71
567,Omar Hussain,Female,21,3,80,72,95,85,69,79.99
568,Zain Ansari,Male,20,1,57,42,46,77,57,99.31
569,Sana Raza,Female,22,4,59,75,96,64,88,62.12
570,Lubna Raza,Female,19,4,76,36,67,96,65,85.35
571,Ali Butt,Female,19,7,55,91,60,39,69,67.38
572,Zain Akram,Female,19,7,73,83,30,72,50,90.16
573,Hamza Arif,Male,20,7,45,78,66,89,86,83.96
574,Nida Ansari,Male,22,3,32,94,38,50,58,83.55
575,Noman Syed,Female,21,7,78,33,30,94,83,93.31
576,Saad Mirza,Female,22,8,70,75,83,67,70,75.06
577,Fatima Chaudhry,Female,22,4,63,33,32,54,46,72.72
578,Abdullah Ansari,Male,21,5,40,89,37,83,67,79.84
579,Omar Akram,Male,19,1,37,60,70,30,88,63.95
580,Iqra Arif,Female,19,8,74,55,89,78,79,71.41
581,Bilal Akram,Male,19,8,75,78,58,65,48,88.67
582,Hamza Raza,Female,20,4,100,74,76,50,84,65.58
583,Iqra Qureshi,Male,21,2,45,73,57,70,67,73.96
584,Ali Mirza,Female,22,2,60,67,60,53,38,94.87
585,Ali Ahmed,Female,20,3,64,80,86,68,88,79.14
586,Imran Malik,Female,19,8,49,62,44,82,50,82.65
587,Noman Mirza,Female,17,3,87,57,74,38,83,92.76
588,Khadija Khan,Male,19,1,96,37,80,89,71,80.73
589,Usman Ahmed,Female,20,7,60,85,89,32,35,74.58
590,Hira Butt,Female,17,6,78,59,100,69,79,66.72
591,Iqra Akram,Female,19,4,75,74,87,61,94,71.76
592,Ali Mirza,Female,17,3,40,76,98,55,77,78.84
593,Nida Saleem,Male,19,3,89,57,81,82,58,88.47
594,Sadia Syed,Female,22,6,61,78,87,60,94,90.3
595,Sana Saleem,Male,18,7,71,57,62,84,59,73.02
596,Iqra Mirza,Male,22,8,81,71,47,71,30,65.45
597,Hafsa Arif,Female,20,2,55,66,43,43,100,85.12
598,Fatima Raza,Female,21,1,35,88,73,53,45,98.8
599,Hira Sheikh,Female,17,4,76,82,61,58,43,99.8
600,Sana Butt,Male,21,4,75,56,49,87,60,81.54
601,Hafsa Hashmi,Female,19,5,88,65,66,42,60,82.24
602,Ali Raza,Female,22,8,69,83,91,48,58,95.07
603,Abdullah Khan,Male,19,4,32,74,94,39,80,95.89
604,Nida Syed,Female,19,2,48,80,76,76,83,76.3
605,Usman Akram,Male,22,8,69,72,92,41,82,82.02
606,Imran Ahmed,Female,22,1,33,83,98,68,80,83.46
607,Lubna Mirza,Male,20,6,33,64,99,46,53,91.31
608,Hira Qureshi,Female,18,7,42,70,36,36,35,82.01
609,Rabia Nawaz,Female,17,7,92,97,41,32,58,91.5
610,Fahad Chaudhry,Male,22,8,71,66,65,74,72,75.6
611,Saba Ahmed,Male,20,1,89,63,80,93,90,92.98
612,Tariq Hashmi,Male,22,5,76,74,88,72,95,66.18
613,Omar Qureshi,Female,17,8,34,70,76,86,47,86.04
614,Saba Saleem,Female,18,6,91,43,46,54,71,73.63
615,Ahmad Sheikh,Female,21,6,61,70,68,71,31,84.71
616,Yasir Nawaz,Female,21,8,63,33,38,48,63,69.19
617,Usman Nawaz,Male,20,1,78,86,88,34,65,89.84
618,Sana Siddiqui,Female,20,7,95,93,74,98,56,66.53
619,Omar Arif,Female,21,3,75,75,52,45,56,69.61
620,Bilal Akram,Male,22,8,45,74,41,33,89,62.03
621,Wajiha Ahmed,Female,21,2,32,47,85,79,91,69.47
622,Ali Ansari,Male,18,4,70,71,67,34,57,64.27
623,Fatima Sheikh,Male,20,4,49,46,91,54,62,62.46
624,Rabia Qureshi,Female,17,2,50,48,63,66,93,77.44
625,Hamza Sheikh,Male,17,7,37,92,75,61,30,78.68
626,Ali Arif,Male,20,3,97,73,83,76,96,78.03
627,Saba Raza,Male,19,3,38,97,63,85,32,97.81
628,Ahmad Ansari,Female,21,3,88,30,60,51,87,88.99
629,Sana Raza,Female,22,7,39,83,88,73,44,97.88
630,Ahmad Javed,Male,22,6,77,34,89,65,84,77.29
631,Iqra Syed,Male,18,1,49,87,61,71,97,74.62
632,Sana Farooq,Female,17,4,69,40,39,98,97,97.2
633,Hafsa Hussain,Male,20,8,84,84,51,83,32,86.71
634,Ahmad Arif,Female,18,8,66,91,54,31,34,97.56
635,Nida Akram,Female,22,2,64,67,76,58,48,89.78
636,Zain Akram,Male,20,5,53,100,62,87,55,77.33
637,Sana Saleem,Female,18,7,67,97,84,47,58,89.45
638,Ayesha Mirza,Male,17,8,31,66,78,83,76,87.58
639,Bilal Sheikh,Male,18,1,79,47,48,67,74,99.11
640,Sadia Butt,Female,19,8,97,89,73,79,46,72.82
641,Zain Akram,Male,20,7,40,72,72,72,98,93.38
642,Hamza Hussain,Female,17,6,66,86,37,66,71,77.06
643,Usman Javed,Male,22,3,60,30,73,50,75,98.11
644,Hira Ahmed,Female,19,7,92,92,81,85,98,63.27
645,Nida Hussain,Female,17,5,44,98,92,40,42,83.46
646,Iqra Hashmi,Male,18,6,60,52,99,68,89,69.92
647,Sana Arif,Male,22,4,49,96,48,88,31,73.88
648,Fatima Farooq,Male,21,7,30,50,33,97,30,64.72
649,Iqra Ansari,Male,17,6,85,50,32,47,74,88.06
650,Tariq Khan,Male,21,8,76,80,85,35,49,90.75
651,Saba Mirza,Male,18,7,41,38,72,97,97,88.3
652,Mariam Siddiqui,Female,19,2,65,95,74,45,73,83.58
653,Yasir Butt,Male,17,5,76,61,75,75,78,77.92
654,Imran Siddiqui,Male,18,6,45,34,77,56,80,80.53
655,Mariam Ansari,Female,19,5,75,73,34,72,34,85.91
656,Zain Butt,Female,17,4,42,68,90,99,93,77.04
657,Fahad Raza,Male,21,4,81,80,41,32,83,74.99
658,Iqra Ansari,Male,21,5,72,34,95,49,64,79.87
659,Ali Nawaz,Male,19,7,36,41,90,53,94,80.55
660,Hafsa Syed,Female,18,1,77,91,49,63,58,78.58
661,Hafsa Saleem,Male,22,8,32,66,74,65,83,87.25
662,Lubna Saleem,Female,22,6,82,86,64,50,40,85.98
663,Nida Syed,Male,21,7,61,37,83,69,34,62.34
664,Bilal Farooq,Male,18,5,67,52,78,38,83,65.59
665,Omar Javed,Female,17,2,33,53,61,31,39,77.87
666,Noman Nawaz,Female,18,6,34,88,79,67,65,92.45
667,Imran Ahmed,Male,20,4,96,98,87,79,58,82.25
668,Abdullah Hashmi,Male,19,8,46,30,40,95,72,98.96
669,Omar Arif,Female,19,6,83,90,49,62,47,66.22
670,Tariq Arif,Male,18,3,97,75,33,98,89,61.23
671,Bushra Sheikh,Male,17,5,61,57,69,83,78,76.34
672,Lubna Hussain,Female,19,2,88,91,98,82,59,72.53
673,Fatima Saleem,Male,20,6,42,56,88,53,66,86.69
674,Fatima Sheikh,Female,17,6,49,61,66,89,49,61.77
675,Abdullah Ansari,Female,20,4,46,54,79,44,97,98.59
676,Zain Javed,Female,19,3,76,86,51,48,41,88.49
677,Saba Butt,Male,22,7,96,65,50,86,75,85.19
678,Yasir Syed,Female,21,7,94,73,34,55,73,63.82
679,Bilal Saleem,Female,17,1,40,90,79,41,66,86.91
680,Usman Hashmi,Female,22,1,57,46,57,79,72,85.55
681,Omar Hashmi,Female,20,6,67,81,65,72,89,71.33
682,Hafsa Khan,Male,18,2,92,85,44,70,81,65.91
683,Bushra Malik,Female,17,6,91,56,90,33,95,67.27
684,Noman Ahmed,Male,18,6,72,36,75,30,85,69.22
685,Hira Ahmed,Female,19,5,75,40,75,61,52,85.07
686,Hira Javed,Female,19,2,61,79,66,66,50,85.81
687,Hira Chaudhry,Female,21,5,63,68,33,74,68,82.22
688,Zain Akram,Male,21,4,79,34,33,55,59,82.2
689,Bushra Sheikh,Male,20,8,39,53,86,45,42,89.25
690,Hira Javed,Male,19,3,70,46,34,69,42,63.22
691,Iqra Ansari,Male,19,7,90,51,67,54,90,91.59
692,Hamza Syed,Male,18,2,88,82,81,81,94,97.87
693,Nida Javed,Female,21,7,83,37,33,50,91,84.27
694,Zain Hussain,Female,20,1,57,32,73,70,55,98.03
695,Omar Farooq,Female,17,1,69,74,48,72,73,63.29
696,Usman Javed,Male,22,8,92,96,39,83,48,84.84
697,Zara Malik,Female,22,2,47,44,83,61,66,66.78
698,Ayesha Ansari,Male,19,5,35,93,81,78,97,65.58
699,Ayesha Hashmi,Female,20,7,59,40,87,75,100,73.34
700,Iqra Hashmi,Female,19,3,43,73,43,46,85,84.72
701,Nida Chaudhry,Female,19,1,52,37,59,96,91,79.12
702,Ayesha Mirza,Male,17,3,68,73,81,76,71,74.12
703,Noman Javed,Female,19,5,89,81,65,51,31,86.36
704,Abdullah Hussain,Female,19,8,96,94,40,90,51,75.26
705,Wajiha Saleem,Female,21,1,68,38,46,56,99,93.06
706,Iqra Sheikh,Male,22,1,43,70,47,93,54,96.75
707,Saba Siddiqui,Female,18,2,59,75,41,81,77,61.61
708,Yasir Saleem,Female,17,1,86,80,52,71,50,83.24
709,Tariq Malik,Male,17,3,95,74,38,100,64,83.61
710,Ahmad Saleem,Female,18,8,78,42,42,82,88,85.96
711,Abdullah Butt,Male,18,8,90,89,75,44,70,85.57
712,Sadia Mirza,Male,17,4,32,76,49,95,66,61.04
713,Abdullah Nawaz,Female,22,8,55,99,45,64,58,64.2
714,Hira Hashmi,Male,21,7,98,60,61,34,45,63.24
715,Imran Saleem,Female,19,4,32,55,86,50,42,99.74
716,Usman Farooq,Male,21,8,34,48,80,92,56,96.05
717,Yasir Chaudhry,Female,20,6,99,92,43,84,41,92.1
718,Usman Sheikh,Female,18,5,84,33,81,83,81,78.94
719,Sana Arif,Female,17,1,53,41,64,65,36,61.31
720,Saad Khan,Male,19,4,61,90,60,83,46,60.01
721,Fahad Ahmed,Female,18,1,43,48,30,44,78,81.32
722,Hafsa Khan,Female,19,1,50,32,77,63,41,88.99
723,Yasir Akram,Male,18,3,89,94,55,71,49,85.43
724,Hira Farooq,Female,18,5,70,64,75,34,56,93.92
725,Zain Akram,Female,17,8,47,91,69,73,94,94.79
726,Hira Ahmed,Female,22,2,76,80,41,95,32,76.88
727,Sadia Malik,Female,19,8,76,57,70,51,51,80.5
728,Abdullah Saleem,Male,19,5,66,94,67,64,72,80.52
729,Zara Farooq,Male,17,6,66,75,56,51,94,73.05
730,Rabia Syed,Female,21,4,32,44,76,47,33,88.99
731,Zain Hashmi,Female,19,7,62,74,77,71,89,78.9
732,Hamza Mirza,Female,20,1,96,46,39,32,81,79.66
733,Lubna Nawaz,Female,21,4,65,88,30,79,84,77.95
734,Bushra Arif,Female,19,8,38,54,30,65,87,99.71
735,Bilal Khan,Female,22,3,81,99,32,38,59,93.83
736,Hamza Hashmi,Female,19,1,41,73,78,95,94,61.8
737,Sana Hashmi,Male,21,3,30,32,38,66,31,72.03
738,Bushra Arif,Female,18,6,72,37,44,84,93,85.83
739,Fatima Qureshi,Male,17,5,98,56,36,67,54,60.99
740,Rabia Butt,Female,21,7,91,97,87,82,64,96.07
741,Omar Mirza,Male,19,7,53,75,64,70,46,76.47
742,Mariam Khan,Female,22,4,56,74,58,84,40,62.98
743,Zara Malik,Male,22,8,38,68,45,95,44,91.63
744,Khadija Nawaz,Female,20,5,79,65,93,68,67,93.62
745,Fahad Syed,Female,18,1,37,57,73,41,36,94.66
746,Yasir Khan,Female,19,3,93,90,46,64,93,76.14
747,Saad Qureshi,Female,20,4,60,51,79,33,71,82.57
748,Fatima Ansari,Female,19,1,41,94,95,57,40,74.25
749,Fahad Hashmi,Male,18,3,54,94,87,36,43,89.54
750,Ali Malik,Male,20,5,42,76,97,91,45,69.65
751,Bushra Farooq,Female,20,7,47,61,64,95,38,74.92
752,Omar Hashmi,Male,18,7,84,64,77,89,70,77.82
753,Nida Siddiqui,Male,19,1,63,81,53,57,100,99.21
754,Noman Javed,Female,22,6,44,64,43,43,43,82.26
755,Ali Mirza,Female,17,1,46,60,66,31,89,61.11
756,Bilal Chaudhry,Male,21,2,84,44,100,45,48,90.49
757,Fatima Mirza,Female,21,1,81,65,75,91,73,93.0
758,Zain Malik,Female,17,1,98,75,73,38,60,96.5
759,Ayesha Ahmed,Female,20,2,66,93,56,97,80,79.04
760,Fatima Hussain,Male,18,1,81,60,45,54,86,84.28
761,Iqra Butt,Female,22,2,95,59,31,40,32,92.02
762,Saad Siddiqui,Male,22,7,52,73,66,44,79,83.13
763,Yasir Raza,Female,19,2,68,49,55,58,80,74.46
764,Zara Nawaz,Male,17,4,78,48,97,32,57,61.69
765,Usman Arif,Male,20,7,88,94,64,55,98,88.04
766,Ahmad Mirza,Female,22,8,54,97,82,45,78,87.11
767,Ayesha Khan,Female,19,8,42,76,94,86,98,70.04
768,Khadija Sheikh,Male,17,2,64,92,43,42,48,94.51
769,Fatima Nawaz,Female,22,8,37,43,87,60,72,94.75
770,Hira Raza,Male,21,4,50,79,66,48,74,75.0
771,Iqra Nawaz,Female,21,2,67,33,66,70,39,86.22
772,Mariam Hashmi,Female,20,6,89,54,37,95,68,97.98
773,Abdullah Ahmed,Male,17,7,94,68,82,47,70,94.28
774,Fahad Siddiqui,Female,21,2,51,57,33,54,91,81.44
775,Tariq Chaudhry,Male,19,2,32,48,67,86,65,99.78
776,Noman Hashmi,Female,22,6,67,57,63,65,56,70.61
777,Fatima Syed,Male,19,2,67,38,52,78,65,95.85
778,Fahad Syed,Female,22,7,97,64,78,67,60,91.08
779,Saad Butt,Male,19,7,49,49,88,41,73,64.58
780,Wajiha Nawaz,Male,22,3,54,69,42,67,73,77.42
781,Sana Khan,Female,17,5,49,38,42,42,64,86.04
782,Nida Qureshi,Male,22,5,81,75,68,33,40,82.2
783,Omar Saleem,Female,22,6,60,90,96,78,69,99.31
784,Yasir Butt,Female,17,7,37,42,58,61,42,71.45
785,Rabia Raza,Female,21,4,49,70,90,89,98,60.62
786,Fahad Ansari,Male,19,2,53,64,87,54,35,88.67
787,Ayesha Nawaz,Female,17,3,65,40,51,80,76,91.87
788,Wajiha Butt,Male,19,7,40,63,43,30,48,90.73
789,Hamza Raza,Male,22,1,92,69,68,97,62,83.22
790,Fatima Hashmi,Female,21,4,91,55,79,57,51,68.13
791,Wajiha Syed,Female,22,2,53,34,42,75,43,80.69
792,Wajiha Qureshi,Female,21,4,87,69,86,53,40,73.71
793,Hamza Malik,Female,20,5,45,76,83,83,74,62.02
794,Nida Khan,Male,21,8,51,57,63,34,46,64.02
795,Saad Nawaz,Male,17,3,94,40,51,67,90,79.41
796,Hafsa Hashmi,Female,22,8,40,34,45,65,82,89.91
797,Sadia Raza,Female,22,3,51,100,96,63,79,82.05
798,Iqra Javed,Female,22,4,72,30,87,66,72,68.65
799,Hira Mirza,Female,18,7,100,93,62,45,97,90.51
800,Bilal Sheikh,Male,22,4,50,35,83,98,48,87.74
801,Ali Mirza,Female,20,2,43,80,93,35,65,77.93
802,Usman Sheikh,Female,22,2,43,33,46,40,87,97.41
803,Hira Nawaz,Female,17,4,98,99,34,45,71,91.79
804,Zain Farooq,Female,22,2,37,99,92,45,51,99.27
805,Rabia Malik,Male,21,8,40,42,75,76,88,67.99
806,Usman Farooq,Female,18,8,96,95,91,59,70,84.44
807,Zara Qureshi,Female,17,3,90,92,100,60,84,96.25
808,Usman Hashmi,Female,18,7,60,33,40,57,37,89.5
809,Ayesha Qureshi,Female,21,4,48,65,44,100,37,69.19
810,Ayesha Khan,Female,20,3,94,89,76,40,47,98.88
811,Bushra Farooq,Male,20,8,59,68,38,77,97,67.57
812,Hafsa Akram,Male,21,8,30,70,93,78,79,94.04
813,Khadija Sheikh,Male,21,4,52,44,62,96,77,78.67
814,Lubna Akram,Male,17,5,42,72,31,90,30,61.6
815,Fahad Nawaz,Male,19,6,72,86,44,78,42,94.77
816,Khadija Javed,Female,22,5,93,47,89,57,43,76.51
817,Bushra Syed,Male,20,4,77,67,57,88,37,65.93
818,Zara Siddiqui,Female,19,1,55,41,41,67,86,60.95
819,Hira Syed,Male,22,5,62,95,50,57,66,99.79
820,Lubna Nawaz,Male,19,5,83,58,48,91,85,64.19
821,Ayesha Qureshi,Female,20,8,40,77,47,30,97,67.53
822,Nida Chaudhry,Female,17,2,99,46,31,70,49,64.7
823,Ali Arif,Male,20,3,43,65,85,35,90,89.93
824,Hira Raza,Female,22,5,73,31,72,35,54,86.15
825,Ali Mirza,Male,21,1,51,34,71,60,31,80.11
826,Lubna Chaudhry,Male,22,5,95,75,36,38,65,73.96
827,Wajiha Raza,Male,21,4,44,58,37,93,92,92.35
828,Fahad Khan,Female,18,4,95,73,65,61,66,60.97
829,Tariq Saleem,Male,19,5,78,78,37,36,77,75.41
830,Ali Javed,Male,22,8,88,76,72,65,80,97.2
831,Mariam Nawaz,Male,19,8,78,41,93,67,54,70.02
832,Ali Siddiqui,Male,19,5,41,53,51,47,46,99.8
833,Khadija Mirza,Male,22,4,72,62,36,43,90,98.62
834,Bushra Siddiqui,Male,19,3,80,55,65,51,67,96.69
835,Lubna Khan,Male,19,1,59,81,74,70,94,99.45
836,Nida Hussain,Male,18,1,63,84,86,95,70,70.24
837,Fatima Sheikh,Male,19,8,89,34,66,83,86,75.33
838,Mariam Butt,Female,18,7,31,49,45,92,75,63.19
839,Tariq Butt,Male,20,2,55,80,93,95,80,91.35
840,Nida Sheikh,Male,20,1,62,67,95,56,47,61.25
841,Hafsa Siddiqui,Female,22,4,36,69,49,66,67,89.46
842,Ayesha Nawaz,Male,22,4,34,86,42,98,96,92.54
843,Ayesha Syed,Male,22,4,48,56,80,38,87,93.59
844,Noman Chaudhry,Male,22,3,80,91,93,49,78,75.23
845,Hafsa Syed,Female,22,3,31,50,31,47,77,99.91
846,Tariq Javed,Male,18,7,75,70,99,94,45,87.78
847,Ayesha Farooq,Female,22,4,52,95,81,89,63,70.53
848,Tariq Hussain,Female,21,5,52,51,81,38,89,63.64
849,Sadia Akram,Female,19,2,82,84,52,50,78,93.39
850,Fatima Ansari,Female,17,7,46,87,91,69,36,75.57
851,Zain Ahmed,Female,20,7,52,77,38,88,37,80.95
852,Saba Hashmi,Female,20,4,90,93,93,30,32,69.32
853,Ahmad Syed,Female,17,7,31,63,93,41,47,80.13
854,Saad Butt,Female,21,7,67,34,41,43,97,74.3
855,Ali Farooq,Female,20,6,76,78,56,62,86,91.81
856,Lubna Akram,Male,20,8,71,53,46,70,61,60.42
857,Zain Javed,Male,18,1,75,89,93,59,68,61.37
858,Saba Chaudhry,Male,19,6,34,67,30,77,45,66.9
859,Hira Arif,Male,20,1,79,96,37,42,50,75.13
860,Tariq Qureshi,Male,18,8,35,69,57,31,46,76.81
861,Lubna Qureshi,Female,20,4,100,98,39,66,30,75.36
862,Nida Hashmi,Female,19,3,87,52,64,83,42,83.18
863,Hafsa Malik,Female,21,8,67,49,72,56,85,97.45
864,Fahad Khan,Male,19,4,68,37,53,98,44,83.58
865,Bilal Saleem,Female,21,7,66,87,42,31,64,66.51
866,Saba Mirza,Male,22,5,62,89,84,70,35,95.59
867,Mariam Akram,Female,19,7,64,60,68,66,71,83.1
868,Zara Chaudhry,Female,21,6,61,84,41,85,63,62.74
869,Sana Sheikh,Female,17,8,52,74,36,41,48,90.75
870,Fahad Farooq,Female,19,8,51,60,39,82,57,92.7
871,Bilal Syed,Female,22,7,48,69,73,45,44,80.46
872,Nida Javed,Male,22,4,66,98,80,81,34,68.39
873,Saad Saleem,Male,17,3,80,37,78,98,35,80.1
874,Ahmad Mirza,Male,17,6,91,37,75,81,65,61.12
875,Hira Arif,Female,21,8,80,53,97,35,91,91.92
876,Wajiha Butt,Male,19,2,78,63,76,34,87,72.18
877,Omar Saleem,Male,22,5,38,100,87,77,69,66.62
878,Sana Javed,Male,21,2,77,57,63,83,98,97.24
879,Saba Hashmi,Female,18,5,84,66,66,94,61,70.4
880,Hamza Chaudhry,Male,18,4,32,75,99,34,92,87.21
881,Sana Chaudhry,Male,19,3,71,32,63,69,35,85.61
882,Sadia Saleem,Male,20,4,57,34,38,99,71,93.24
883,Khadija Syed,Male,20,8,47,94,75,36,46,65.52
884,Bilal Butt,Male,17,4,86,78,100,93,62,79.87
885,Ali Arif,Male,18,4,47,52,63,54,41,99.95
886,Mariam Siddiqui,Male,19,6,56,44,98,57,95,66.74
887,Wajiha Malik,Male,18,6,36,80,91,99,50,82.56
888,Hira Mirza,Female,21,2,82,89,55,63,47,97.67
889,Saba Akram,Male,19,6,48,94,87,71,53,74.6
890,Saba Syed,Male,22,4,44,33,92,57,57,70.01
891,Bilal Qureshi,Female,17,6,63,47,45,88,47,89.42
892,Lubna Raza,Female,22,5,33,56,55,47,36,71.73
893,Wajiha Khan,Female,19,5,61,75,88,84,31,61.79
894,Yasir Siddiqui,Male,19,4,90,62,51,97,45,65.87
895,Saad Butt,Female,21,3,42,90,43,66,99,69.02
896,Mariam Siddiqui,Female,17,1,55,75,70,63,93,93.29
897,Zara Sheikh,Male,20,5,78,70,75,32,31,97.51
898,Ahmad Nawaz,Female,21,8,87,31,37,56,69,76.47
899,Sana Qureshi,Female,22,3,47,72,94,94,34,64.35
900,Hamza Qureshi,Female,19,8,48,54,33,76,42,65.14
901,Hira Javed,Female,19,3,32,33,51,92,63,96.55
902,Zain Chaudhry,Male,20,1,56,82,77,46,85,68.5
903,Abdullah Farooq,Female,19,1,74,32,72,69,91,96.07
904,Noman Siddiqui,Male,19,3,91,97,95,41,36,75.53
905,Iqra Raza,Female,17,3,77,50,41,79,63,71.63
906,Abdullah Butt,Male,17,8,86,70,73,56,34,94.47
907,Bilal Butt,Female,21,6,60,64,56,99,66,71.45
908,Khadija Qureshi,Male,22,8,90,58,95,58,39,70.33
909,Sadia Khan,Female,20,2,93,74,97,75,41,70.87
910,Tariq Nawaz,Female,22,4,38,51,72,86,48,60.32
911,Saad Javed,Female,21,7,96,71,59,50,54,75.72
912,Ayesha Farooq,Male,22,6,35,62,73,77,47,95.73
913,Rabia Mirza,Female,18,3,47,82,66,58,87,60.49
914,Khadija Mirza,Male,22,7,88,96,49,36,66,91.04
915,Ali Mirza,Female,18,2,81,76,77,96,64,81.33
916,Zara Nawaz,Female,19,1,96,96,64,60,70,61.51
917,Nida Hussain,Female,22,4,31,33,88,39,93,70.32
918,Tariq Malik,Male,20,6,100,79,64,77,47,83.36
919,Khadija Nawaz,Male,22,1,60,73,31,61,63,96.78
920,Ayesha Khan,Male,21,1,85,83,100,43,31,91.86
921,Fatima Ansari,Female,21,8,70,53,32,97,55,93.5
922,Rabia Syed,Male,20,3,62,55,65,49,61,66.76
923,Yasir Hussain,Female,17,1,42,63,34,33,32,66.67
924,Fatima Khan,Female,22,7,77,41,47,94,44,70.36
925,Khadija Ansari,Female,21,1,89,96,48,78,33,92.26
926,Bushra Sheikh,Female,18,3,40,82,53,57,48,93.4
927,Nida Ahmed,Male,20,4,81,49,58,81,57,74.59
928,Mariam Qureshi,Male,20,1,95,47,42,49,36,93.41
929,Abdullah Ansari,Female,19,2,88,37,83,94,80,79.88
930,Nida Ahmed,Male,19,4,71,68,92,69,60,99.23
931,Saba Nawaz,Male,18,1,95,79,93,72,60,62.95
932,Ahmad Farooq,Female,21,4,32,47,97,100,32,94.35
933,Zara Malik,Female,17,1,46,85,31,73,95,93.67
934,Noman Nawaz,Male,19,1,45,81,88,61,63,86.58
935,Noman Hashmi,Male,20,6,93,74,57,79,82,60.89
936,Fahad Chaudhry,Female,21,6,82,47,37,37,78,90.61
937,Lubna Raza,Male,21,8,76,52,65,95,84,64.84
938,Fatima Malik,Male,18,1,65,93,84,39,86,64.83
939,Mariam Butt,Male,19,4,82,32,53,33,94,89.9
940,Ayesha Raza,Female,17,8,75,75,90,32,53,65.37
941,Usman Khan,Male,18,1,93,45,78,34,97,79.51
942,Iqra Khan,Male,19,4,30,43,41,46,98,85.49
943,Fatima Mirza,Female,17,1,89,53,56,79,31,79.28
944,Saba Arif,Male,22,8,34,31,52,34,91,60.9
945,Ayesha Farooq,Male,20,8,60,66,88,91,87,73.89
946,Fatima Hashmi,Male,20,1,61,43,38,74,31,61.4
947,Ali Raza,Female,17,5,60,90,99,76,92,79.78
948,Noman Sheikh,Male,19,3,43,40,99,100,97,61.7
949,Bilal Syed,Male,19,2,53,50,86,63,43,97.18
950,Lubna Nawaz,Female,19,7,78,63,34,67,64,82.24
951,Hafsa Qureshi,Female,18,2,84,98,34,85,33,61.08
952,Rabia Hussain,Male,19,3,74,77,74,39,86,89.57
953,Zain Farooq,Male,18,6,100,31,92,90,80,67.7
954,Bilal Hashmi,Female,21,5,78,47,98,60,43,94.11
955,Saad Javed,Male,22,6,48,54,49,43,79,79.51
956,Nida Hussain,Female,22,6,77,97,83,83,90,87.54
957,Bushra Nawaz,Male,22,4,64,91,92,44,34,96.81
958,Saba Mirza,Female,22,2,39,70,46,31,78,76.63
959,Fahad Siddiqui,Female,18,6,36,88,47,35,62,69.99
960,Saad Hashmi,Male,17,5,87,67,32,86,52,83.83
961,Hamza Arif,Female,19,4,61,47,38,64,74,71.66
962,Nida Javed,Female,19,7,85,37,76,67,74,82.99
963,Fahad Malik,Female,20,7,38,45,50,65,94,97.26
964,Nida Ahmed,Male,17,1,49,98,35,56,33,91.48
965,Noman Siddiqui,Female,22,1,33,80,91,94,93,69.46
966,Saad Siddiqui,Male,17,8,46,80,68,49,62,89.26
967,Tariq Sheikh,Female,21,2,81,53,84,52,95,77.84
968,Fatima Chaudhry,Female,21,6,55,70,56,42,57,75.19
969,Bushra Chaudhry,Female,20,1,66,30,35,33,71,94.42
970,Saad Qureshi,Male,20,2,48,63,41,54,38,97.85
971,Fahad Ahmed,Female,18,2,94,97,79,74,56,68.03
972,Fahad Saleem,Male,22,8,38,55,52,37,86,97.67
973,Ali Butt,Female,17,8,55,41,48,32,44,90.3
974,Saad Siddiqui,Female,22,7,53,60,42,40,85,80.11
975,Zara Akram,Female,21,6,72,72,62,100,57,91.46
976,Iqra Sheikh,Female,21,4,69,45,40,61,54,78.38
977,Imran Syed,Female,22,3,37,86,52,85,76,95.41
978,Ayesha Sheikh,Female,22,4,45,46,47,78,40,62.92
979,Mariam Qureshi,Male,18,5,59,56,57,64,58,61.74
980,Fatima Javed,Male,19,4,51,33,66,50,100,77.04
981,Hira Akram,Female,20,1,77,47,86,54,77,74.89
982,Imran Syed,Male,21,7,75,92,65,37,41,87.08
983,Tariq Arif,Male,21,8,87,73,98,56,59,74.41
984,Bushra Ahmed,Female,21,3,39,49,84,96,39,75.75
985,Abdullah Javed,Male,19,2,37,91,70,42,68,96.05
986,Hafsa Khan,Female,21,6,44,98,82,66,45,69.16
987,Lubna Arif,Female,22,8,98,53,56,93,35,79.72
988,Abdullah Siddiqui,Male,20,6,57,76,39,75,40,94.07
989,Ahmad Ahmed,Female,18,5,78,75,74,55,49,76.25
990,Zain Ansari,Female,22,5,67,55,81,35,53,93.75
991,Omar Butt,Male,19,4,87,52,30,40,62,63.94
992,Fahad Arif,Male,19,3,61,46,35,55,91,88.14
993,Fahad Siddiqui,Male,18,3,94,100,82,90,91,99.63
994,Zara Mirza,Male,19,2,72,59,57,54,56,93.4
995,Saad Arif,Female,19,3,63,79,36,77,41,90.83
996,Iqra Hussain,Female,20,2,47,81,84,90,93,92.65
997,Khadija Ahmed,Female,18,6,50,78,81,49,38,75.0
998,Sadia Hussain,Female,18,3,51,68,72,30,51,81.55
999,Sana Chaudhry,Female,22,8,87,41,32,31,41,99.84
1000,Hamza Hashmi,Male,19,3,51,34,95,93,95,96.7
